<?xml version="1.0" encoding="UTF-8"?>
<configuration debug="false" scan="true">
    <property name="CONTEXT_NAME" value="api.1.0.0"/>
    <contextName>${CONTEXT_NAME}</contextName>

    <springProperty scop="context" name="PROJECT_NAME" source="spring.application.name" defaultValue="default"/>
    <springProperty scop="context" name="rootLevel" source="logging.level" defaultValue="INFO"/>
    <property name="PATTERN" value="[%d{yyyy-MM-dd HH:mm:ss.SSS}] [%thread] %-5level %logger{50}:%line - %msg%n" />
    <property name="LOG_PATH" value="./logs/${PROJECT_NAME}" />

    <!--myibatis log configure-->
    <logger name="com.apache.ibatis" level="DEBUG"/>
    <logger name="java.sql.Connection" level="DEBUG"/>
    <logger name="java.sql.Statement" level="DEBUG"/>
    <logger name="java.sql.PreparedStatement" level="DEBUG"/>
    <logger name="com.netflix.loadbalancer" level="DEBUG"/>
    <!-- 控制台输出 -->
    <appender name="consoleLog" class="ch.qos.logback.core.ConsoleAppender">
        <encoder class="ch.qos.logback.classic.encoder.PatternLayoutEncoder">
            <!--格式化输出：%d表示日期，%thread表示线程名，%-5level：级别从左显示5个字符宽度%msg：日志消息，%n是换行符-->
            <pattern>${PATTERN}</pattern>
            <!-- 设置字符集 -->
            <charset>UTF-8</charset>
        </encoder>
    </appender>

    <!-- 按照每天生成日志文件 -->
    <appender name="info" class="ch.qos.logback.core.rolling.RollingFileAppender">
        <File>${LOG_PATH}/${PROJECT_NAME}.log</File>
        <rollingPolicy class="ch.qos.logback.core.rolling.TimeBasedRollingPolicy">
            <!--日志文件输出的文件名-->
            <FileNamePattern>${LOG_PATH}/${PROJECT_NAME}.log.%d{yyyy-MM-dd}.%i</FileNamePattern>
            <!--日志文件保留天数-->
            <MaxHistory>7</MaxHistory>
            <!--日志文件大小 -->
            <timeBasedFileNamingAndTriggeringPolicy class="ch.qos.logback.core.rolling.SizeAndTimeBasedFNATP">
                <maxFileSize>50MB</maxFileSize>
            </timeBasedFileNamingAndTriggeringPolicy>
        </rollingPolicy>

        <encoder class="ch.qos.logback.classic.encoder.PatternLayoutEncoder">
            <!--格式化输出：%d表示日期，%thread表示线程名，%-5level：级别从左显示5个字符宽度%msg：日志消息，%n是换行符-->
            <pattern>${PATTERN}</pattern>
            <!-- 设置字符集 -->
            <charset>UTF-8</charset>
        </encoder>

        <!--日志文件最大的大小-->
        <!--         <triggeringPolicy class="ch.qos.logback.core.rolling.SizeBasedTriggeringPolicy"> -->
        <!--             <MaxFileSize>10MB</MaxFileSize> -->
        <!--         </triggeringPolicy> -->
    </appender>
    <appender name="error" class="ch.qos.logback.core.rolling.RollingFileAppender">
        <File>${LOG_PATH}/${PROJECT_NAME}-error.log</File>
        <filter class="ch.qos.logback.classic.filter.ThresholdFilter">
            <level>ERROR</level>
        </filter>
        <encoder>
            <pattern>${PATTERN}</pattern>
            <charset>UTF-8</charset>
        </encoder>
        <rollingPolicy class="ch.qos.logback.core.rolling.TimeBasedRollingPolicy">
            <fileNamePattern>${LOG_PATH}/${PROJECT_NAME}-error.log.%d{yyyy-MM-dd}</fileNamePattern>
            <maxHistory>15</maxHistory>
        </rollingPolicy>
    </appender>


    <!-- 日志输出级别 -->
    <root level="${rootLevel}">
        <appender-ref ref="consoleLog"/>
        <appender-ref ref="info"/>
        <appender-ref ref="error"/>
    </root>
</configuration>