{
	"pages": [
		{
			"path": "pages/index/index",
			"style": {
				// #ifdef MP 
				"navigationBarTitleText": "unimall",
				// #endif 
				"app-plus": {
					"titleNView": {
						"type": "transparent",
						"searchInput": {
							"backgroundColor": "rgba(231, 231, 231,.7)",
							"borderRadius": "16px",
							"placeholder": "请搜索宝贝名称",
							"disabled": true,
							"placeholderColor": "#606266"
						},
						"buttons": [
						]
					}
				}
			}
		}, {
			"path": "pages/product/groupshop",
			"style": {
				"navigationBarTitleText": "团购"
			}
		}, {
			"path": "pages/address/list",
			"style": {
				"navigationBarTitleText": "收货地址"
			}
		}, {
			"path": "pages/address/upsert",
			"style": {
				"navigationBarTitleText": "",
				"disableScroll" : true
			}
		}, {
			"path": "pages/product/search",
			"style": {
				"navigationBarTitleText": "搜索"
			}
		},
		{
			"path": "pages/product/detail",
			"style": {
				"navigationBarTitleText": "详情展示",
				"app-plus": {
					"titleNView": {
						"type": "transparent"
					}
				}
			}
		}, {
			"path": "pages/product/favorite",
			"style": {
				"enablePullDownRefresh": true,
				"navigationBarTitleText": "商品收藏"
			}
		}, {
            "path" : "pages/product/list",
            "style" : {
				"enablePullDownRefresh": true,
				"navigationBarTitleText": "商品列表"
			}
        }, {
            "path" : "pages/product/appraise",
            "style" : {
				"navigationBarTitleText": "全部评价"
			}
        }, {
			"path": "pages/user/profile",
			"style": {
				"navigationBarTitleText": "修改资料"
			}
		}, {
			"path": "pages/cart/cart",
			"style": {
				"navigationBarTitleText": "购物车"
			}
		}, {
			"path": "pages/public/login",
			"style": {
				"navigationBarTitleText": "",
				"navigationStyle": "custom",
				"app-plus": {
					"titleNView": false,
					"animationType": "slide-in-bottom"
				}
			}
		}, {
			"path": "pages/public/register",
			"style": {
				"navigationBarTitleText": "",
				"navigationStyle": "custom",
				"app-plus": {
					"titleNView": false,
					"animationType": "slide-in-bottom"
				}
			}
		}, {
			"path": "pages/public/resetpwd",
			"style": {
				"navigationBarTitleText": "",
				"navigationStyle": "custom",
				"app-plus": {
					"titleNView": false,
					"animationType": "slide-in-bottom"
				}
			}
		}, {
			"path": "pages/public/bind",
			"style": {
				"navigationBarTitleText": "",
				"navigationStyle": "custom",
				"app-plus": {
					"titleNView": false,
					"animationType": "slide-in-bottom"
				}
			}
		}, {
			"path": "pages/user/user",
			"style": {
				"navigationBarTitleText": "我的",
				// #ifdef MP
				"navigationStyle": "custom",
				// #endif
				"app-plus": {
					"bounce": "none",
					"titleNView": {
						"type": "transparent",
						"buttons": [
						]
					}
				}
			}
		}, {
			"path":"pages/user/about",
			"style": {
				"navigationBarTitleText":"关于"
			}
		}, {
			"path":"pages/user/vip",
			"style": {
				"navigationBarTitleText":"会员"
			}
		}, {
			"path": "pages/order/list",
			"style": {
				"navigationBarTitleText": "我的订单",
				"app-plus": {
					"bounce": "none"
				}
			}
		}, {
			"path": "pages/order/create",
			"style": {
				"navigationBarTitleText": "创建订单"
			}
		}, {
			"path": "pages/order/detail",
			"style": {
				"navigationBarTitleText": "订单详情"
			}
		}, {
            "path" : "pages/order/appraise",
            "style" : {
				"navigationBarTitleText": "评价订单"
			}
        }, {
            "path" : "pages/order/trace",
            "style" : {
				"navigationBarTitleText": "查看物流"
			}
        }, {
			"path": "pages/pay/pay",
			"style": {
				"navigationBarTitleText": "支付"
			}
		}, {
			"path": "pages/pay/success",
			"style": {
				"navigationBarTitleText": "支付成功"
			}
		}, {
            "path" : "pages/notice/notice",
            "style" : {
				"navigationBarTitleText": "通知"
			}
        }, {
            "path" : "pages/category/category",
            "style" : {
				"navigationBarTitleText": "分类",
				"app-plus": {
					"bounce": "none"
				}
			}
        }, {
            "path" : "pages/coupon/list",
            "style" : {
				"navigationBarTitleText": "我的优惠券",
				"app-plus": {
					"bounce": "none"
				}
			}
        } 
    ],
	"globalStyle": {
		"navigationBarTextStyle": "black",
		"navigationBarTitleText": "uni-app",
		"navigationBarBackgroundColor": "#FFFFFF",
		"backgroundColor": "#f8f8f8"
	},
	"tabBar": {
		"color": "#C0C4CC",
		"selectedColor": "#fa436a",
		"borderStyle": "black",
		"backgroundColor": "#ffffff",
		"list": [{
				"pagePath": "pages/index/index",
				"iconPath": "static/tab-home.png",
				"selectedIconPath": "static/tab-home-current.png",
				"text": "首页"
			},
			{
				"pagePath": "pages/category/category",
				"iconPath": "static/tab-cate.png",
				"selectedIconPath": "static/tab-cate-current.png",
				"text": "分类"
			},
			{
				"pagePath": "pages/cart/cart",
				"iconPath": "static/tab-cart.png",
				"selectedIconPath": "static/tab-cart-current.png",
				"text": "购物车"
			},
			{
				"pagePath": "pages/user/user",
				"iconPath": "static/tab-my.png",
				"selectedIconPath": "static/tab-my-current.png",
				"text": "我的"
			}
		]
	},
	"condition" : {
		"current": 0,
		"list": [
			{
				"name": "",
				"path": "",
				"query": ""
			}
		]
	}
}
