[
   {
      "redirect":"noredirect",
      "path":"/operation",
      "children":[
         {
            "path":"order",
            "meta":{
               "noCache":true,
               "perms":[
                  "operation:order:list",
                  "operation:order:detail",
                  "operation:order:ship",
                  "operation:order:refund",
                  "operation:order:querytoexcel",
                  "operation:order:editadminmono",
                  "operation:order:statistics"
               ],
               "title":"订单管理"
            },
            "name":"order",
            "page":"/operation/order"
         },
         {
            "path":"appraise",
            "meta":{
               "noCache":true,
               "perms":[
                  "operation:appraise:delete",
                  "operation:appraise:list"
               ],
               "title":"评论管理"
            },
            "name":"appraise",
            "page":"/operation/appraise"
         },
         {
            "path":"freight",
            "meta":{
               "noCache":true,
               "perms":[
                  "operation:freight:list",
                  "operation:freight:edit",
                  "operation:freight:create",
                  "operation:freight:delete"
               ],
               "title":"运费管理"
            },
            "name":"freight",
            "page":"/operation/freight"
         }
      ],
      "meta":{
         "icon":"chart",
         "title":"运营管理"
      },
      "name":"operationManage",
      "alwaysShow":true
   },
   {
      "redirect":"noredirect",
      "path":"/product",
      "children":[
         {
            "path":"list",
            "meta":{
               "noCache":true,
               "perms":[
                  "product:product:create",
                  "product:product:edit",
                  "product:product:list",
                  "product:product:detail",
                  "product:product:edit",
                  "product:product:delete",
                  "product:product:batchdelete",
                  "product:product:rebuild"
               ],
               "title":"商品列表"
            },
            "name":"productList",
            "page":"/product/list"
         },
         {
            "path":"groupshop",
            "meta":{
               "noCache":true,
               "perms":[
                  "product:groupshop:create",
                  "product:groupshop:delete",
                  "product:groupshop:edit",
                  "product:groupshop:list"
               ],
               "title":"团购商品"
            },
            "name":"groupshop",
            "page":"/product/groupshop"
         },
         {
            "path":"category",
            "meta":{
               "noCache":true,
               "perms":[
                  "product:category:create",
                  "product:category:delete",
                  "product:category:edit",
                  "product:category:list"
               ],
               "title":"类目管理"
            },
            "name":"productCategory",
            "page":"/product/category"
         },
         {
            "path":"upsert",
            "hidden":true,
            "meta":{
               "noCache":true,
               "perms":[
                  "product:product:create",
                  "product:product:edit"
               ],
               "title":"商品编辑"
            },
            "name":"productUpsert",
            "page":"/product/upsert"
         }
      ],
      "meta":{
         "icon":"shopping",
         "title":"商品管理"
      },
      "name":"productManage",
      "alwaysShow":true
   },
   {
      "redirect":"noredirect",
      "path":"/promotion",
      "children":[
         {
            "path":"advert",
            "meta":{
               "noCache":true,
               "perms":[
                  "promotion:advert:create",
                  "promotion:advert:delete",
                  "promotion:advert:edit",
                  "promotion:advert:list"
               ],
               "title":"广告管理"
            },
            "name":"advert",
            "page":"/promotion/advert"
         },
         {
            "path":"coupon",
            "meta":{
               "noCache":true,
               "perms":[
                  "promotion:coupon:create",
                  "promotion:coupon:delete",
                  "promotion:coupon:edit",
                  "promotion:coupon:list"
               ],
               "title":"优惠卷管理"
            },
            "name":"coupon",
            "page":"/promotion/coupon"
         }
      ],
      "meta":{
         "icon":"tree",
         "title":"推广管理"
      },
      "name":"promotionManage",
      "alwaysShow":true
   },
   
   {
      "redirect":"noredirect",
      "path":"/user",
      "children":[
         {
            "path":"user",
            "meta":{
               "noCache":true,
               "perms":[
                  "user:user:list",
                  "user:user:delete",
                  "user:user:create",
                  "user:user:edit"
               ],
               "title":"会员管理"
            },
            "name":"userlist",
            "page":"/user/user"
         }, {
            "path":"address",
            "meta":{
               "noCache":true,
               "perms":[
                  "user:address:list"
               ],
               "title":"地址管理"
            },
            "name":"user",
            "page":"/user/address"
         }
      ],
      "meta":{
         "icon":"user",
         "title":"用户管理"
      },
      "name":"userManage",
      "alwaysShow":true
   },
   {
      "redirect":"noredirect",
      "path":"/vip",
      "children":[
         {
            "path":"template",
            "meta":{
               "noCache":true,
               "perms":[
                  "vip:template:list"
               ],
               "title":"VIP模板管理"
            },
            "name":"vipTemplate",
            "page":"/vip/template"
         },
         {
            "path":"order",
            "meta":{
               "noCache":true,
               "perms":[
                  "vip:order:list"
               ],
               "title":"VIP卡管理"
            },
            "name":"vipOrder",
            "page":"/vip/order"
         }
      ],
      "meta":{
         "icon":"qq",
         "title":"VIP管理"
      },
      "name":"vipManage",
      "alwaysShow":true
   },
   {
      "redirect":"noredirect",
      "path":"/sys",
      "children":[
         {
            "path":"config",
            "meta":{
               "noCache":true,
               "title":"系统配置",
               "perms":[
                  "sys:config:get",
                  "sys:config:save"
               ]
            },
            "name":"config",
            "page":"/sys/config"
         },
         {
            "path":"admin",
            "meta":{
               "noCache":true,
               "perms":[
                  "sys:admin:list",
                  "sys:admin:create",
                  "sys:admin:edit",
                  "sys:admin:delete"
               ],
               "title":"管理员"
            },
            "name":"admin",
            "page":"/sys/admin"
         },
         {
            "path":"log",
            "meta":{
               "noCache":true,
               "perms":[
                  "sys:log:list"
               ],
               "title":"操作日志"
            },
            "name":"log",
            "page":"/sys/log"
         },
         {
            "path":"role",
            "meta":{
               "noCache":true,
               "perms":[
                  "sys:role:list",
                  "sys:role:create",
                  "sys:role:delete",
                  "sys:role:update",
                  "sys:role:permissionlist",
                  "sys:permission:list"
               ],
               "title":"角色管理"
            },
            "name":"role",
            "page":"/sys/role"
         }
      ],
      "meta":{
         "icon":"system",
         "title":"系统管理"
      },
      "name":"sysManage",
      "alwaysShow":true
   },
   {
      "redirect":"noredirect",
      "path":"/profile",
      "hidden":true,
      "children":[
         {
            "path":"password",
            "meta":{
               "noCache":true,
               "title":"修改密码"
            },
            "name":"password",
            "page":"/profile/password"
         },
         {
            "path":"notify",
            "meta":{
               "noCache":true,
               "title":"绑定通知"
            },
            "name":"notify",
            "page":"/profile/notify"
         }
      ],
      "alwaysShow":true
   },
   {
      "redirect":"/404",
      "path":"*",
      "hidden":true
   }
]
